label,message
ham,I'll text you the dinner later.
ham,See you at tomorrow morning sharp.
ham,Can we reschedule dinner to tomorrow morning?
spam,Your free trial reward is waiting. Visit free-gift.co now.
ham,Let's go for a walk after lunch.
ham,Did you get my email about the park?
spam,Your iPhone reward is waiting. Visit click-here.io now.
ham,Reminder: lunch is due on 5pm.
spam,Limited time: iPhone sale up to 90% off at claim-now.me.
spam,Your membership reward is waiting. Visit claim-now.me now.
spam,FREE gift card - claim yours now at bit.ly/claim.
spam,You have won a vacation! Redeem at offers.sale immediately.
spam,Earn extra cash with airline miles - sign up at prize-now.net.
spam,Confirm your membership details to release payment at bit.ly/claim.
spam,Your membership reward is waiting. Visit offers.sale now.
spam,FREE iPhone - claim yours now at claim-now.me.
spam,Get membership today for only $9.99 at tinyurl.com/win.
ham,I'll text you the the cafe later.
spam,WIN a bonus in our giveaway! Enter at free-gift.co.
spam,FREE cash prize - claim yours now at claim-now.me.
ham,How was your dinner today?
spam,WIN a discount in our giveaway! Enter at prize-now.net.
spam,URGENT: your iPhone is about to expire. Act now: free-gift.co.
spam,You have won a gift card! Redeem at free-gift.co immediately.
ham,See you at after work sharp.
ham,I'll text you the the park later.
spam,Earn extra cash with bonus - sign up at free-gift.co.
ham,See you at noon sharp.
spam,Limited time: refund sale up to 90% off at win-big.com.
spam,You have won a refund! Redeem at click-here.io immediately.
ham,I booked tickets for the movie on Saturday.
ham,"I'm at the meeting, are you coming?"
ham,How was your the game today?
spam,You have won a bonus! Redeem at win-big.com immediately.
ham,Call me when you're at the cafe.
spam,Get membership today for only $9.99 at win-big.com.
spam,URGENT: your gift card is about to expire. Act now: free-gift.co.
spam,Your discount reward is waiting. Visit prize-now.net now.
spam,Confirm your refund details to release payment at claim-now.me.
spam,Diamond ring giveaway - participate now and win big.
ham,"I'm at the cafe, are you coming?"
ham,Did you get my email about dinner?
spam,FREE membership - claim yours now at claim-now.me.
spam,You have won a refund! Redeem at prize-now.net immediately.
spam,You have won a lottery! Redeem at claim-now.me immediately.
spam,FREE iPhone - claim yours now at free-gift.co.
spam,Get airline miles today for only $9.99 at tinyurl.com/win.
ham,See you at tonight sharp.
ham,Let's meet at the gym after class.
spam,URGENT: your bonus is about to expire. Act now: tinyurl.com/win.
spam,URGENT: your free trial is about to expire. Act now: prize-now.net.
spam,You have won a cash prize! Redeem at free-gift.co immediately.
spam,Your cash prize gift card has been credited. Use at tinyurl.com/win.
ham,Call me when you're at the lab.
spam,WIN a iPhone in our giveaway! Enter at click-here.io.
spam,URGENT: Your account has been suspended. Verify immediately.
ham,Can you bring my charger to class?
ham,See you at tonight sharp.
ham,Bring the gym with you tomorrow.
spam,Your discount gift card has been credited. Use at win-big.com.
ham,Let's meet at the lab after class.
spam,Your refund gift card has been credited. Use at prize-now.net.
ham,"I'm at the cafe, are you coming?"
ham,Bring the library with you tomorrow.
ham,Bring the gym with you tomorrow.
ham,Let's meet at the library after class.
spam,Confirm your discount details to release payment at prize-now.net.
ham,I'll text you the dinner later.
ham,I'll text you the dinner later.
ham,I'll text you the dinner later.
ham,Call me when you're at home.
spam,Limited time: membership sale up to 90% off at win-big.com.
ham,I'll text you the the library later.
ham,See you at 7pm sharp.
spam,You have won a cash prize! Redeem at prize-now.net immediately.
ham,Call me when you're at the gym.
ham,Bring lunch with you tomorrow.
spam,Secret recipe to melt belly fat fast - click to order.
ham,How was your the park today?
spam,Get iPhone today for only $9.99 at prize-now.net.
ham,"New cafe opened downtown, want to try it?"
spam,Get airline miles today for only $9.99 at claim-now.me.
ham,Bring the park with you tomorrow.
ham,Can we reschedule the cafe to 5pm?
spam,Limited time: discount sale up to 90% off at win-big.com.
ham,Call me when you're at the gym.
ham,"I finished the assignment early, want to check it?"
spam,Earn extra cash with lottery - sign up at prize-now.net.
spam,Your order is delayed. Update payment method to reschedule.
spam,Earn extra cash with refund - sign up at win-big.com.
spam,Limited time: vacation sale up to 90% off at prize-now.net.
ham,"Hey, are we still meeting at 5pm today?"
spam,FREE membership - claim yours now at tinyurl.com/win.
spam,Confirm your bonus details to release payment at click-here.io.
ham,Can we reschedule the cafe to tomorrow morning?
spam,WIN a vacation in our giveaway! Enter at free-gift.co.
spam,Earn extra cash with cash prize - sign up at bit.ly/claim.
ham,Did you get my email about the library?
spam,You have won a gift card! Redeem at prize-now.net immediately.
ham,Reminder: lunch is due on noon.
spam,You have won a spa package! Redeem at free-gift.co immediately.
spam,Limited time: free trial sale up to 90% off at bit.ly/claim.
spam,Earn extra cash with gift card - sign up at offers.sale.
ham,I'll text you the the lab later.
ham,Can we reschedule the gym to tonight?
spam,Your discount gift card has been credited. Use at click-here.io.
ham,See you at 6pm sharp.
ham,Can we reschedule home to 6pm?
ham,Call me when you're at home.
ham,Call me when you're at the lab.
ham,I'll text you the the game later.
spam,FREE discount - claim yours now at bit.ly/claim.
ham,The wifi password is on the fridge.
spam,WIN a membership in our giveaway! Enter at claim-now.me.
ham,I'll text you the lunch later.
ham,I'll text you the lunch later.
spam,Earn extra cash with cash prize - sign up at free-gift.co.
ham,Bring dinner with you tomorrow.
ham,See you at tonight sharp.
spam,Limited time: free trial sale up to 90% off at tinyurl.com/win.
ham,Did you get my email about the game?
spam,Confirm your airline miles details to release payment at offers.sale.
ham,Bring the meeting with you tomorrow.
spam,Earn extra cash with free trial - sign up at bit.ly/claim.
ham,Bring the park with you tomorrow.
spam,WIN a airline miles in our giveaway! Enter at tinyurl.com/win.
ham,Let's meet at the meeting after class.
spam,FREE iPhone - claim yours now at tinyurl.com/win.
spam,Your membership reward is waiting. Visit claim-now.me now.
ham,Can we reschedule the game to 6pm?
spam,You've won a trip to the Bahamas! Confirm with your details.
spam,Limited time: bonus sale up to 90% off at bit.ly/claim.
ham,I'll text you the the park later.
spam,Get free trial today for only $9.99 at tinyurl.com/win.
ham,Can we reschedule lunch to noon?
spam,Confirm your discount details to release payment at tinyurl.com/win.
ham,Call me when you're at the meeting.
ham,"I'm at lunch, are you coming?"
spam,WIN a vacation in our giveaway! Enter at prize-now.net.
ham,How was your home today?
spam,Confirm your refund details to release payment at bit.ly/claim.
ham,Bring lunch with you tomorrow.
ham,Let's meet at the gym after class.
spam,URGENT: your gift card is about to expire. Act now: click-here.io.
ham,We should study for the exam together.
ham,Did you get my email about the cafe?
ham,Bring dinner with you tomorrow.
spam,You have won a bonus! Redeem at prize-now.net immediately.
spam,Earn extra cash with airline miles - sign up at win-big.com.
spam,URGENT: your refund is about to expire. Act now: tinyurl.com/win.
ham,Did you get my email about the library?
ham,Can we reschedule the cafe to noon?
spam,Instant approval for credit cards regardless of credit score.
spam,WIN a cash prize in our giveaway! Enter at claim-now.me.
spam,Your free trial gift card has been credited. Use at tinyurl.com/win.
ham,"I'm at the library, are you coming?"
ham,"We're running late, start without us."
spam,Confirm your cash prize details to release payment at tinyurl.com/win.
spam,Earn extra cash with spa package - sign up at bit.ly/claim.
spam,Make $1000 by filling a simple survey. Sign up now.
spam,You have won a free trial! Redeem at click-here.io immediately.
spam,Last chance to renew your extended warranty for your car.
ham,I'll text you the the lab later.
ham,Reminder: the park is due on after work.
ham,I'll text you the the meeting later.
spam,Your iPhone reward is waiting. Visit bit.ly/claim now.
ham,Thanks for helping out last weekend.
ham,Call me when you're at lunch.
spam,Earn extra cash with gift card - sign up at free-gift.co.
spam,Earn extra cash with discount - sign up at claim-now.me.
ham,"I'm at the gym, are you coming?"
spam,Your airline miles reward is waiting. Visit prize-now.net now.
ham,How was your the lab today?
ham,How was your the lab today?
spam,Get iPhone today for only $9.99 at bit.ly/claim.
spam,Confirm your airline miles details to release payment at free-gift.co.
ham,I'll text you the the lab later.
ham,See you at 7pm sharp.
ham,I'll text you the the gym later.
ham,"The meeting got cancelled, we're free."
ham,I'll text you the the lab later.
spam,Lowest prices on meds without prescription. Order online.
ham,Call me when you're at the gym.
spam,Limited offer: 90% off all products today only!
ham,Reminder: the park is due on tomorrow morning.
spam,You have won a discount! Redeem at prize-now.net immediately.
spam,Get rich quick! Work from home and earn $500/day.
ham,How was your the cafe today?
ham,Bring the lab with you tomorrow.
spam,Confirm your cash prize details to release payment at bit.ly/claim.
ham,Reminder: the gym is due on 3 o'clock.
ham,Let's meet at home after class.
ham,Reminder: the park is due on 3 o'clock.
ham,Can we reschedule the library to 5pm?
spam,URGENT: your refund is about to expire. Act now: offers.sale.
spam,Your computer is infected! Call this number immediately.
spam,Cheap flights to Europe - book within 24 hours!
ham,See you at tomorrow morning sharp.
ham,Let's meet at the game after class.
spam,WIN a bonus in our giveaway! Enter at bit.ly/claim.
spam,Get refund today for only $9.99 at offers.sale.
spam,WIN a iPhone in our giveaway! Enter at prize-now.net.
ham,Call me when you're at home.
spam,Confirm your airline miles details to release payment at bit.ly/claim.
spam,Earn extra cash with membership - sign up at click-here.io.
spam,FREE lottery - claim yours now at claim-now.me.
ham,Let's meet at the gym after class.
spam,Guaranteed returns on your investment. Double your money in a week!
spam,Your free trial reward is waiting. Visit win-big.com now.
ham,How was your the cafe today?
ham,See you at tomorrow morning sharp.
ham,Bring the game with you tomorrow.
spam,Limited time: gift card sale up to 90% off at tinyurl.com/win.
ham,Remind me to water the plants tomorrow.
spam,Your discount gift card has been credited. Use at win-big.com.
spam,Earn extra cash with discount - sign up at prize-now.net.
spam,Get gift card today for only $9.99 at free-gift.co.
ham,Did you get my email about the library?
spam,Confirm your vacation details to release payment at bit.ly/claim.
spam,Your spa package reward is waiting. Visit claim-now.me now.
spam,You have won a vacation! Redeem at tinyurl.com/win immediately.
spam,Get vacation today for only $9.99 at bit.ly/claim.
ham,I'll text you the the lab later.
ham,Call me when you're at the lab.
spam,You have won a free trial! Redeem at prize-now.net immediately.
ham,Can we reschedule the meeting to 6pm?
ham,I'll text you the the park later.
spam,URGENT: your iPhone is about to expire. Act now: free-gift.co.
ham,Can we reschedule the park to tonight?
spam,Your gift card gift card has been credited. Use at claim-now.me.
ham,Reminder: dinner is due on after work.
spam,We have a job offer that pays cash weekly. No interview needed.
ham,Reminder: the gym is due on 5pm.
spam,Limited time: lottery sale up to 90% off at tinyurl.com/win.
ham,How was your the game today?
spam,Get gift card today for only $9.99 at tinyurl.com/win.
ham,Bring the game with you tomorrow.
spam,Confirm your free trial details to release payment at click-here.io.
spam,Your airline miles gift card has been credited. Use at offers.sale.
spam,Your iPhone reward is waiting. Visit claim-now.me now.
spam,Earn extra cash with iPhone - sign up at prize-now.net.
ham,Call me when you're at the lab.
ham,"Dinner at my place tomorrow, bring dessert!"
spam,Your membership reward is waiting. Visit free-gift.co now.
ham,Please review the attached document by tomorrow.
spam,Earn extra cash with vacation - sign up at prize-now.net.
spam,You have won a bonus! Redeem at win-big.com immediately.
spam,Get bonus today for only $9.99 at click-here.io.
spam,You have won a airline miles! Redeem at free-gift.co immediately.
ham,Did you get my email about dinner?
spam,Your free trial reward is waiting. Visit click-here.io now.
ham,"I'm at the lab, are you coming?"
ham,Call me when you're at dinner.
spam,Buy quality watches at 50% off - replica grade A.
spam,Act fast! 0% interest personal loans approved instantly.
ham,"I'm at dinner, are you coming?"
spam,Your vacation gift card has been credited. Use at free-gift.co.
ham,"Just got home, call me when you're free."
ham,Did you get my email about the lab?
spam,Get vacation today for only $9.99 at free-gift.co.
spam,Get refund today for only $9.99 at click-here.io.
ham,See you at 6pm sharp.
spam,URGENT: your cash prize is about to expire. Act now: offers.sale.
spam,Your subscription will auto-renew tomorrow. Cancel here.
ham,"The show was amazing, you missed out."
spam,WIN a refund in our giveaway! Enter at prize-now.net.
spam,Your refund of $2500 is pending. Confirm your bank details.
ham,Can we reschedule home to 6pm?
ham,Bring the library with you tomorrow.
ham,I'll text you the the cafe later.
ham,Call me when you're at home.
ham,Let me know when you're available.
ham,The project deadline is moved to Friday.
ham,"I left my jacket at your place, can I grab it?"
spam,Get cash prize today for only $9.99 at free-gift.co.
ham,Did you get my email about lunch?
spam,Get bonus today for only $9.99 at bit.ly/claim.
ham,How was your the gym today?
spam,Your gift card gift card has been credited. Use at click-here.io.
spam,Claim your free gift card now before it expires!
spam,FREE iPhone - claim yours now at claim-now.me.
ham,Let's meet at dinner after class.
spam,Your gift card reward is waiting. Visit win-big.com now.
spam,Confirm your gift card details to release payment at bit.ly/claim.
ham,Bring dinner with you tomorrow.
spam,Confirm your lottery details to release payment at win-big.com.
spam,WIN a vacation in our giveaway! Enter at bit.ly/claim.
ham,Did you get my email about lunch?
ham,How was your dinner today?
spam,You have won a bonus! Redeem at click-here.io immediately.
spam,Get cash prize today for only $9.99 at claim-now.me.
ham,Let's meet at the lab after class.
spam,Limited time: discount sale up to 90% off at claim-now.me.
ham,Call me when you're at home.
spam,WIN a airline miles in our giveaway! Enter at click-here.io.
ham,Did you get my email about the game?
ham,Can we reschedule the lab to after work?
ham,Can we reschedule the park to 5pm?
spam,Earn extra cash with cash prize - sign up at prize-now.net.
ham,Can we reschedule the gym to noon?
spam,FREE cash prize - claim yours now at click-here.io.
spam,Earn extra cash with refund - sign up at prize-now.net.
ham,Let's meet at the meeting after class.
ham,Can we reschedule lunch to noon?
spam,Limited time: airline miles sale up to 90% off at offers.sale.
spam,Exclusive VIP sale - prices slashed 80% for members only.
ham,Did you get my email about the gym?
spam,Get lottery today for only $9.99 at prize-now.net.
spam,You have won a spa package! Redeem at claim-now.me immediately.
spam,Your iPhone gift card has been credited. Use at prize-now.net.
ham,Call me when you're at dinner.
spam,You have won a spa package! Redeem at claim-now.me immediately.
spam,Your membership gift card has been credited. Use at click-here.io.
spam,Get cash prize today for only $9.99 at offers.sale.
spam,Earn money while you sleep - no experience needed!
ham,Did you get my email about the library?
spam,FREE spa package - claim yours now at offers.sale.
ham,I'll text you the the meeting later.
ham,I'll text you the dinner later.
spam,You have won a free trial! Redeem at bit.ly/claim immediately.
spam,Congratulations! You've won a free iPhone. Claim now: bit.ly/claim
spam,FREE TRIAL of our miracle weight loss supplement. Limited time!
ham,I'll text you the the meeting later.
spam,FREE cash prize - claim yours now at claim-now.me.
ham,Call me when you're at the park.
ham,See you at 6pm sharp.
ham,Let's meet at the library after class.
spam,Confirm your bonus details to release payment at click-here.io.
spam,FREE lottery - claim yours now at tinyurl.com/win.
spam,Limited time: airline miles sale up to 90% off at offers.sale.
spam,URGENT: your gift card is about to expire. Act now: offers.sale.
ham,I'll text you the the gym later.
spam,You have won a refund! Redeem at tinyurl.com/win immediately.
ham,Your order has shipped and will arrive in 3 days.
ham,How was your the meeting today?
spam,Your spa package gift card has been credited. Use at claim-now.me.
ham,I'll text you the the gym later.
spam,URGENT: your discount is about to expire. Act now: claim-now.me.
ham,See you at 6pm sharp.
ham,How was your dinner today?
spam,Confirm your spa package details to release payment at free-gift.co.
spam,Your vacation reward is waiting. Visit win-big.com now.
ham,Did you get my email about dinner?
spam,Limited time: bonus sale up to 90% off at prize-now.net.
ham,How was your the library today?
spam,Confirm your discount details to release payment at offers.sale.
ham,Can you send me the notes from class?
spam,Your bank needs you to verify your PIN. Reply with it now.
ham,Reminder: the cafe is due on tomorrow morning.
ham,Can we reschedule the meeting to tomorrow morning?
spam,FREE gift card - claim yours now at bit.ly/claim.
ham,Reminder: the gym is due on noon.
ham,Great job on the presentation today!
ham,See you at 3 o'clock sharp.
ham,Call me when you're at the game.
ham,Let's meet at the cafe after class.
ham,Reminder: the cafe is due on noon.
spam,URGENT: your airline miles is about to expire. Act now: bit.ly/claim.
spam,FREE free trial - claim yours now at free-gift.co.
ham,Call me when you're at home.
ham,Bring the lab with you tomorrow.
spam,WIN a vacation in our giveaway! Enter at tinyurl.com/win.
spam,Your vacation gift card has been credited. Use at offers.sale.
spam,URGENT: your refund is about to expire. Act now: bit.ly/claim.
spam,Casino bonus match up to $5000. Sign up instantly.
ham,Can we reschedule dinner to 3 o'clock?
ham,Call me when you're at lunch.
ham,Bring the gym with you tomorrow.
ham,Reminder: home is due on 5pm.
ham,"I'm at the meeting, are you coming?"
spam,Your vacation gift card has been credited. Use at bit.ly/claim.
ham,Can we reschedule the gym to 7pm?
ham,Can we reschedule dinner to noon?
spam,Your airline miles gift card has been credited. Use at click-here.io.
spam,Earn extra cash with refund - sign up at offers.sale.
spam,FREE lottery - claim yours now at claim-now.me.
ham,I'll call you after my lecture ends.
spam,Limited time: gift card sale up to 90% off at claim-now.me.
spam,Win $1000 cash today! Click here to enter the lottery.
spam,Earn extra cash with lottery - sign up at prize-now.net.
ham,Bring the cafe with you tomorrow.
ham,"I'm at the lab, are you coming?"
ham,Call me when you're at home.
ham,I'll text you the dinner later.
spam,You have been selected for a special prize. Call now!
spam,Limited time: refund sale up to 90% off at prize-now.net.
spam,Confirm your airline miles details to release payment at claim-now.me.
spam,URGENT: your iPhone is about to expire. Act now: prize-now.net.
ham,See you at 3 o'clock sharp.
ham,Reminder: the cafe is due on 6pm.
ham,How was your the game today?
spam,Your gift card gift card has been credited. Use at free-gift.co.
ham,I'll text you the the library later.
spam,Confirm your free trial details to release payment at offers.sale.
spam,Get airline miles today for only $9.99 at tinyurl.com/win.
spam,You have won a free trial! Redeem at claim-now.me immediately.
ham,Can we reschedule home to noon?
ham,Did you get my email about the cafe?
spam,Your membership reward is waiting. Visit tinyurl.com/win now.
ham,Bring the lab with you tomorrow.
spam,You have won a free trial! Redeem at prize-now.net immediately.
ham,Did you get my email about the game?
spam,WIN a refund in our giveaway! Enter at bit.ly/claim.
spam,Get iPhone today for only $9.99 at prize-now.net.
ham,Let's meet at the lab after class.
spam,WIN a airline miles in our giveaway! Enter at click-here.io.
spam,Limited time: vacation sale up to 90% off at prize-now.net.
ham,Bring home with you tomorrow.
ham,"Game night at 7, bring snacks."
ham,"I'm at the game, are you coming?"
spam,Limited time: cash prize sale up to 90% off at offers.sale.
ham,Can we reschedule home to 5pm?
ham,Bring the lab with you tomorrow.
spam,FREE airline miles - claim yours now at tinyurl.com/win.
ham,Don't forget to pick up milk on the way home.
spam,Earn extra cash with gift card - sign up at claim-now.me.
ham,I'll send the file once I'm on my laptop.
ham,See you at tonight sharp.
ham,"I'm at the lab, are you coming?"
ham,Can we reschedule the park to 5pm?
ham,"I'm at home, are you coming?"
spam,Get lottery today for only $9.99 at offers.sale.
ham,I'll text you the lunch later.
spam,Limited time: membership sale up to 90% off at bit.ly/claim.
spam,WIN a cash prize in our giveaway! Enter at click-here.io.
spam,Earn extra cash with free trial - sign up at prize-now.net.
spam,You have won a airline miles! Redeem at click-here.io immediately.
spam,Confirm your airline miles details to release payment at prize-now.net.
ham,Reminder: the cafe is due on after work.
spam,Get spa package today for only $9.99 at tinyurl.com/win.
spam,You've inherited millions from a distant relative. Send fees to claim.
spam,Get iPhone today for only $9.99 at bit.ly/claim.
ham,Let's meet at the lab after class.
spam,Limited time: membership sale up to 90% off at free-gift.co.
spam,Your gift card reward is waiting. Visit claim-now.me now.
spam,Earn extra cash with lottery - sign up at click-here.io.
ham,"I'm at the cafe, are you coming?"
spam,Click this link to see who viewed your profile!
ham,Do you want coffee or tea?
spam,Your bonus reward is waiting. Visit click-here.io now.
spam,Get free trial today for only $9.99 at prize-now.net.
spam,Get vacation today for only $9.99 at offers.sale.
spam,Your cash prize reward is waiting. Visit win-big.com now.
spam,Earn extra cash with discount - sign up at prize-now.net.
spam,URGENT: your vacation is about to expire. Act now: prize-now.net.
ham,Bring home with you tomorrow.
ham,"I'm at the lab, are you coming?"
spam,Get spa package today for only $9.99 at click-here.io.
spam,Your membership gift card has been credited. Use at offers.sale.
ham,Bring the lab with you tomorrow.
spam,Confirm your membership details to release payment at offers.sale.
ham,"I'm at lunch, are you coming?"
spam,Earn extra cash with bonus - sign up at prize-now.net.
ham,See you at the library at 3.
spam,Confirm your airline miles details to release payment at tinyurl.com/win.
ham,See you at tomorrow morning sharp.
spam,Get spa package today for only $9.99 at offers.sale.
ham,See you at after work sharp.
ham,How was your the library today?
spam,FREE free trial - claim yours now at win-big.com.
ham,Bring the library with you tomorrow.
spam,Missed call from unknown number? Find out who - install now.
ham,"I'm at the game, are you coming?"
spam,You have won a lottery! Redeem at win-big.com immediately.
ham,I'll text you the the library later.
ham,Reminder: the game is due on tomorrow morning.
spam,Your refund gift card has been credited. Use at win-big.com.
spam,Limited time: discount sale up to 90% off at click-here.io.
ham,Can we reschedule home to 5pm?
ham,Let's meet at the gym after class.
spam,Your vacation gift card has been credited. Use at tinyurl.com/win.
ham,Call me when you're at the gym.
ham,Did you get my email about the gym?
ham,How was your the game today?
ham,How was your dinner today?
ham,Did you get my email about dinner?
ham,Reminder: dinner is due on 3 o'clock.
ham,"I'm at the meeting, are you coming?"
ham,Let's meet at the gym after class.
ham,Let's meet at home after class.
ham,Let's meet at lunch after class.
ham,"I'm at the lab, are you coming?"
spam,Confirm your airline miles details to release payment at free-gift.co.
spam,WIN a gift card in our giveaway! Enter at claim-now.me.
spam,Earn extra cash with membership - sign up at click-here.io.
ham,Call me when you're at the library.
ham,See you at tomorrow morning sharp.
ham,How was your the park today?
ham,Call me when you're at lunch.
ham,How was your dinner today?
spam,URGENT: your membership is about to expire. Act now: prize-now.net.
spam,Your cash prize reward is waiting. Visit prize-now.net now.
ham,Call me when you're at the lab.
ham,Reminder: the lab is due on 7pm.
ham,Did you get my email about the park?
spam,Your iPhone reward is waiting. Visit offers.sale now.
ham,Let's meet at lunch after class.
ham,Can we reschedule the game to tonight?
spam,FREE gift card - claim yours now at claim-now.me.
ham,Bring home with you tomorrow.
spam,Limited time: cash prize sale up to 90% off at tinyurl.com/win.
ham,How was your dinner today?
ham,Let's meet at the cafe after class.
ham,Can we reschedule home to after work?
ham,Let's meet at the cafe after class.
ham,"I'm at the library, are you coming?"
ham,Bring the lab with you tomorrow.
ham,I'll text you the home later.
ham,Call me when you're at the cafe.
ham,Reminder: the gym is due on 7pm.
ham,How was your the park today?
spam,Confirm your iPhone details to release payment at prize-now.net.
spam,WIN a spa package in our giveaway! Enter at bit.ly/claim.
ham,Reminder: the gym is due on 5pm.
spam,FREE airline miles - claim yours now at claim-now.me.
spam,URGENT: your membership is about to expire. Act now: offers.sale.
ham,Let's meet at the meeting after class.
spam,URGENT: your free trial is about to expire. Act now: bit.ly/claim.
ham,How was your the game today?
ham,Did you get my email about the library?
spam,URGENT: your gift card is about to expire. Act now: free-gift.co.
spam,Earn extra cash with lottery - sign up at claim-now.me.
ham,I'll text you the dinner later.
spam,Unlock premium content absolutely free - no strings attached.
spam,FREE vacation - claim yours now at tinyurl.com/win.
spam,Confirm your airline miles details to release payment at offers.sale.
ham,Let's meet at lunch after class.
spam,URGENT: your spa package is about to expire. Act now: click-here.io.
spam,You have won a vacation! Redeem at tinyurl.com/win immediately.
ham,Can we reschedule the library to noon?
ham,Bring the park with you tomorrow.
ham,Bring dinner with you tomorrow.
ham,Are you coming to the gym today?
ham,Bring the gym with you tomorrow.
ham,See you at noon sharp.
spam,Get free trial today for only $9.99 at click-here.io.
ham,Can you take a look at my code when free?
ham,Did you get my email about dinner?
ham,I'll text you the the lab later.
ham,Can we reschedule the meeting to tomorrow morning?
ham,Call me when you're at the library.
ham,"Thanks, that makes sense now."
ham,"I'm at the gym, are you coming?"
ham,How was your the cafe today?
spam,Get airline miles today for only $9.99 at win-big.com.
spam,You have won a membership! Redeem at free-gift.co immediately.
ham,Bring dinner with you tomorrow.
spam,Confirm your gift card details to release payment at win-big.com.
spam,FREE free trial - claim yours now at tinyurl.com/win.
spam,Your membership reward is waiting. Visit click-here.io now.
spam,FREE vacation - claim yours now at offers.sale.
ham,Reminder: the game is due on after work.
spam,URGENT: your free trial is about to expire. Act now: prize-now.net.
spam,Free credits added to your account - withdraw today!
spam,Limited time: iPhone sale up to 90% off at win-big.com.
ham,Did you get my email about lunch?
spam,Confirm your free trial details to release payment at tinyurl.com/win.
ham,Bring the park with you tomorrow.
spam,Get gift card today for only $9.99 at click-here.io.
spam,Your spa package reward is waiting. Visit tinyurl.com/win now.
spam,Confirm your iPhone details to release payment at bit.ly/claim.
spam,FREE bonus - claim yours now at win-big.com.
ham,How was your the game today?
spam,Earn extra cash with spa package - sign up at win-big.com.
ham,Reminder: the library is due on tomorrow morning.
spam,URGENT: your spa package is about to expire. Act now: bit.ly/claim.
ham,Did you get my email about the game?
ham,My flight lands at 8 tonight.
spam,WIN a membership in our giveaway! Enter at offers.sale.
ham,See you at tomorrow morning sharp.
ham,Call me when you're at the gym.
spam,FREE membership - claim yours now at offers.sale.
ham,See you at tonight sharp.
spam,FREE refund - claim yours now at offers.sale.
ham,"I'm at the cafe, are you coming?"
spam,WIN a free trial in our giveaway! Enter at click-here.io.
spam,Earn extra cash with bonus - sign up at prize-now.net.
spam,Limited time: free trial sale up to 90% off at claim-now.me.
spam,FREE gift card - claim yours now at claim-now.me.
spam,WIN a lottery in our giveaway! Enter at prize-now.net.
ham,I'll text you the the game later.
spam,Limited time: iPhone sale up to 90% off at free-gift.co.
spam,URGENT: your gift card is about to expire. Act now: free-gift.co.
ham,See you at after work sharp.
ham,Reminder: the lab is due on after work.
spam,FREE refund - claim yours now at bit.ly/claim.
spam,Confirm your refund details to release payment at tinyurl.com/win.
spam,URGENT: your free trial is about to expire. Act now: free-gift.co.
ham,Did you get my email about the meeting?
ham,"The weather looks nice, let's go out."
ham,Call me when you're at the meeting.
spam,Your gift card reward is waiting. Visit win-big.com now.
spam,FREE vacation - claim yours now at click-here.io.
spam,URGENT: your membership is about to expire. Act now: free-gift.co.
ham,Reminder: the meeting is due on 3 o'clock.
ham,"I'm at the game, are you coming?"
ham,See you at after work sharp.
spam,You have won a bonus! Redeem at bit.ly/claim immediately.
spam,Your vacation gift card has been credited. Use at free-gift.co.
ham,Let's meet at the library after class.
spam,Confirm your iPhone details to release payment at offers.sale.
ham,"I'm at the game, are you coming?"
ham,Can we reschedule the library to 7pm?
spam,WIN a free trial in our giveaway! Enter at free-gift.co.
spam,Earn extra cash with lottery - sign up at click-here.io.
spam,FREE discount - claim yours now at tinyurl.com/win.
spam,Get spa package today for only $9.99 at prize-now.net.
ham,Bring the cafe with you tomorrow.
ham,"I'm at the game, are you coming?"
spam,WIN a airline miles in our giveaway! Enter at bit.ly/claim.
spam,URGENT: your lottery is about to expire. Act now: click-here.io.
ham,See you at 5pm sharp.
spam,Your spa package gift card has been credited. Use at prize-now.net.
ham,I'll be there in 10 minutes.
ham,I'll text you the the meeting later.
ham,"I'm at the lab, are you coming?"
ham,"I'm at the gym, are you coming?"
spam,Your bonus reward is waiting. Visit free-gift.co now.
spam,Limited time: discount sale up to 90% off at bit.ly/claim.
spam,Get airline miles today for only $9.99 at win-big.com.
spam,Limited time: free trial sale up to 90% off at win-big.com.
spam,FREE airline miles - claim yours now at claim-now.me.
spam,Your discount reward is waiting. Visit win-big.com now.
ham,I'll text you the the meeting later.
ham,Reminder: the library is due on 5pm.
ham,Can we reschedule the meeting to 5pm?
ham,Let's meet at the park after class.
ham,I'll text you the home later.
spam,URGENT: your airline miles is about to expire. Act now: click-here.io.
spam,Earn extra cash with iPhone - sign up at bit.ly/claim.
spam,Limited time: iPhone sale up to 90% off at click-here.io.
spam,FREE lottery - claim yours now at click-here.io.
spam,Get discount today for only $9.99 at offers.sale.
spam,URGENT: your gift card is about to expire. Act now: offers.sale.
ham,Bring the cafe with you tomorrow.
spam,Hot singles near you want to chat. Click here!
ham,I'll text you the the meeting later.
ham,Bring the cafe with you tomorrow.
ham,Let's meet at the library after class.
ham,Can we reschedule the library to 6pm?
spam,Limited time: cash prize sale up to 90% off at free-gift.co.
ham,Call me when you're at the meeting.
ham,Can we reschedule the lab to 7pm?
ham,See you at noon sharp.
spam,FREE cash prize - claim yours now at prize-now.net.
spam,Get refund today for only $9.99 at tinyurl.com/win.
ham,How was your the lab today?
ham,See you at 3 o'clock sharp.
spam,Earn extra cash with vacation - sign up at bit.ly/claim.
spam,Earn extra cash with membership - sign up at win-big.com.
ham,See you at tonight sharp.
ham,Let's meet at the park after class.
spam,Special prize number 5000. Call 1-900-xxx to redeem.
ham,Bring the cafe with you tomorrow.
ham,"I'm at the game, are you coming?"
ham,"Don't reply, this is just a reminder."
spam,Limited time: refund sale up to 90% off at free-gift.co.
ham,See you at tomorrow morning sharp.
spam,URGENT: your spa package is about to expire. Act now: win-big.com.
spam,Your parcel is waiting. Pay shipping to release it: link
ham,The package is at the front desk.
ham,Reminder: the lab is due on 6pm.
ham,See you at after work sharp.
ham,Mom asked us to call her tonight.
spam,You have won a bonus! Redeem at click-here.io immediately.
ham,Let's meet at the gym after class.
spam,Get airline miles today for only $9.99 at click-here.io.
ham,Can we reschedule the game to tomorrow morning?
ham,"Lunch break at noon, see you there."
spam,WIN a vacation in our giveaway! Enter at bit.ly/claim.
ham,How was your the meeting today?
spam,WIN a free trial in our giveaway! Enter at free-gift.co.
spam,Your free trial reward is waiting. Visit win-big.com now.
spam,Limited time: discount sale up to 90% off at bit.ly/claim.
spam,FREE gift card - claim yours now at free-gift.co.
spam,Your cash prize reward is waiting. Visit win-big.com now.
spam,Sweepstakes entry confirmed. You may already be a winner!
ham,"I'm at dinner, are you coming?"
spam,URGENT: your free trial is about to expire. Act now: win-big.com.
spam,Your vacation reward is waiting. Visit free-gift.co now.
spam,Your vacation reward is waiting. Visit free-gift.co now.
spam,URGENT: your lottery is about to expire. Act now: prize-now.net.
spam,Your bonus reward is waiting. Visit click-here.io now.
spam,You have won a lottery! Redeem at click-here.io immediately.
ham,I'll text you the lunch later.
ham,Call me when you're at the lab.
ham,I'll text you the the lab later.
spam,Earn extra cash with free trial - sign up at offers.sale.
ham,Can we reschedule the park to tonight?
spam,FREE refund - claim yours now at free-gift.co.
ham,Can we reschedule the gym to 3 o'clock?
ham,Happy birthday! Hope you have a great day.
spam,We noticed unusual activity. Login to secure your account.
ham,"I'm at the cafe, are you coming?"
ham,Did you get my email about the park?
spam,You have won a gift card! Redeem at free-gift.co immediately.
spam,FREE spa package - claim yours now at tinyurl.com/win.
ham,Let's meet at the game after class.
spam,Your cash prize gift card has been credited. Use at win-big.com.
spam,URGENT: your membership is about to expire. Act now: bit.ly/claim.
spam,Update your app to remove viruses detected on your phone.
spam,WIN a airline miles in our giveaway! Enter at prize-now.net.
spam,Earn extra cash with gift card - sign up at free-gift.co.
ham,Let's meet at the meeting after class.
spam,Get discount today for only $9.99 at bit.ly/claim.
ham,Did you get my email about the library?
ham,I'll text you the dinner later.
ham,Bring the park with you tomorrow.
ham,Did you get my email about the gym?
ham,Bring the gym with you tomorrow.
spam,Become a mystery shopper - get paid to shop! Apply today.
spam,Your gift card gift card has been credited. Use at prize-now.net.
spam,Earn extra cash with airline miles - sign up at click-here.io.
ham,Did you get my email about lunch?
ham,Reminder: home is due on tonight.
spam,Limited time: lottery sale up to 90% off at click-here.io.
spam,Earn extra cash with cash prize - sign up at free-gift.co.
ham,Did you get my email about the library?
ham,Can we reschedule lunch to 6pm?
ham,Your Uber will arrive in 2 minutes.
